,First,Twentieth,Original
First,1.0,0.8093711350535762,0.924831877394959
Twentieth,0.8093711350535762,1.0000000000000013,0.8551514482318175
Original,0.924831877394959,0.8551514482318175,1.0
