,compound score,compound score,compound score,compound score,compound score,compound score
,count,mean,std,min,50%,max
cluster,,,,,,
0,20.0,0.58597,0.7267294074717291,-0.9559,0.98735,0.9991
1,10.0,0.7051100000000001,0.558894139151394,-0.7237,0.9710000000000001,0.9957
2,66.0,0.15078939393939395,0.8322218362041529,-0.9889,0.6511,0.9933
3,4.0,0.568125,0.8572849288111081,-0.7178,0.99595,0.9984
